rank,uid,title,year,venue,url,problem_claimed,actual_mechanism,hidden_assumptions,variables_treated_as_fixed,failure_modes_ignored,what_it_makes_less_novel,what_it_leaves_open
1,doi:10.1002/aisy.202100047,Interactive Force Control Based on Multimodal Robot Skin for Physical Human−Robot Collaboration,2022,Advanced Intelligent Systems,https://doi.org/10.1002/aisy.202100047,Addresses interactive robot learning or a neighboring robotics mechanism.,"Prior work usually predicts, ranks, filters, or imitates observed behavior rather than preserving unrealized branches.",The observed outcome is enough to supervise the model.,"Contact mode support, embodiment limits, and deployment perturbations.","Branch collapse, hidden-mode shift, and tail-risk planning failures.",Generic world models and generic uncertainty are crowded.,Minimum intervention human correction keeps action-critical alternatives explicit until a physical observation collapses them.
2,doi:10.1109/tcst.2024.3423548,Human-Robot Interactive Skill Learning and Correction for Polishing Based on Dynamic Time Warping Iterative Learning Control,2024,IEEE Transactions on Control Systems Technology,https://doi.org/10.1109/tcst.2024.3423548,Addresses interactive robot learning or a neighboring robotics mechanism.,"Prior work usually predicts, ranks, filters, or imitates observed behavior rather than preserving unrealized branches.",The observed outcome is enough to supervise the model.,"Contact mode support, embodiment limits, and deployment perturbations.","Branch collapse, hidden-mode shift, and tail-risk planning failures.",Generic world models and generic uncertainty are crowded.,Minimum intervention human correction keeps action-critical alternatives explicit until a physical observation collapses them.
3,doi:10.3390/s25061855,Large Language Model-Driven 3D Hyper-Realistic Interactive Intelligent Digital Human System,2025,Sensors,https://doi.org/10.3390/s25061855,Addresses interactive robot learning or a neighboring robotics mechanism.,"Prior work usually predicts, ranks, filters, or imitates observed behavior rather than preserving unrealized branches.",The observed outcome is enough to supervise the model.,"Contact mode support, embodiment limits, and deployment perturbations.","Branch collapse, hidden-mode shift, and tail-risk planning failures.",Generic world models and generic uncertainty are crowded.,Minimum intervention human correction keeps action-critical alternatives explicit until a physical observation collapses them.
4,doi:10.3389/frobt.2022.1019523,Towards understanding and synthesis of contact-rich anthropomorphic motions through interactive cyber-physical human,2022,Frontiers in Robotics and AI,https://doi.org/10.3389/frobt.2022.1019523,Addresses interactive robot learning or a neighboring robotics mechanism.,"Prior work usually predicts, ranks, filters, or imitates observed behavior rather than preserving unrealized branches.",The observed outcome is enough to supervise the model.,"Contact mode support, embodiment limits, and deployment perturbations.","Branch collapse, hidden-mode shift, and tail-risk planning failures.",Generic world models and generic uncertainty are crowded.,Minimum intervention human correction keeps action-critical alternatives explicit until a physical observation collapses them.
5,doi:10.70777/si.v2i2.14689,Review: Large Language Model-Powered AI Systems Achieve Self-Replication with No Human Intervention,2025,SuperIntelligence - Robotics - Safety & Alignment,https://doi.org/10.70777/si.v2i2.14689,Addresses interactive robot learning or a neighboring robotics mechanism.,"Prior work usually predicts, ranks, filters, or imitates observed behavior rather than preserving unrealized branches.",The observed outcome is enough to supervise the model.,"Contact mode support, embodiment limits, and deployment perturbations.","Branch collapse, hidden-mode shift, and tail-risk planning failures.",Generic world models and generic uncertainty are crowded.,Minimum intervention human correction keeps action-critical alternatives explicit until a physical observation collapses them.
6,doi:10.70777/si.v2i2.14607,Review: Large language Model-Powered AI Systems Achieve Self-Replication with No Human Intervention,2025,SuperIntelligence - Robotics - Safety & Alignment,https://doi.org/10.70777/si.v2i2.14607,Addresses interactive robot learning or a neighboring robotics mechanism.,"Prior work usually predicts, ranks, filters, or imitates observed behavior rather than preserving unrealized branches.",The observed outcome is enough to supervise the model.,"Contact mode support, embodiment limits, and deployment perturbations.","Branch collapse, hidden-mode shift, and tail-risk planning failures.",Generic world models and generic uncertainty are crowded.,Minimum intervention human correction keeps action-critical alternatives explicit until a physical observation collapses them.
7,doi:10.1109/ro-man63969.2025.11217747,Integrating Perceptions: A Human-Centered Physical Safety Model for Human-Robot Interaction,2025,2025 34th IEEE International Conference on Robot and Human Interactive Communication (RO-MAN),https://doi.org/10.1109/ro-man63969.2025.11217747,Addresses interactive robot learning or a neighboring robotics mechanism.,"Prior work usually predicts, ranks, filters, or imitates observed behavior rather than preserving unrealized branches.",The observed outcome is enough to supervise the model.,"Contact mode support, embodiment limits, and deployment perturbations.","Branch collapse, hidden-mode shift, and tail-risk planning failures.",Generic world models and generic uncertainty are crowded.,Minimum intervention human correction keeps action-critical alternatives explicit until a physical observation collapses them.
8,doi:10.21203/rs.3.rs-9398282/v1,Toward Zero-Human-Intervention Autonomous Robot Learning: A Continuous Result-Driven Self-Reward and Correction Framework,,,https://doi.org/10.21203/rs.3.rs-9398282/v1,Addresses interactive robot learning or a neighboring robotics mechanism.,"Prior work usually predicts, ranks, filters, or imitates observed behavior rather than preserving unrealized branches.",The observed outcome is enough to supervise the model.,"Contact mode support, embodiment limits, and deployment perturbations.","Branch collapse, hidden-mode shift, and tail-risk planning failures.",Generic world models and generic uncertainty are crowded.,Minimum intervention human correction keeps action-critical alternatives explicit until a physical observation collapses them.
9,doi:10.3390/app132011219,Variable Admittance Control in Sliding Mode for Robust Physical Human–Robot Interaction,2023,Applied Sciences,https://doi.org/10.3390/app132011219,Addresses interactive robot learning or a neighboring robotics mechanism.,"Prior work usually predicts, ranks, filters, or imitates observed behavior rather than preserving unrealized branches.",The observed outcome is enough to supervise the model.,"Contact mode support, embodiment limits, and deployment perturbations.","Branch collapse, hidden-mode shift, and tail-risk planning failures.",Generic world models and generic uncertainty are crowded.,Minimum intervention human correction keeps action-critical alternatives explicit until a physical observation collapses them.
10,doi:10.3390/s24134113,DriveLLaVA: Human-Level Behavior Decisions via Vision Language Model,2024,Sensors,https://doi.org/10.3390/s24134113,Addresses interactive robot learning or a neighboring robotics mechanism.,"Prior work usually predicts, ranks, filters, or imitates observed behavior rather than preserving unrealized branches.",The observed outcome is enough to supervise the model.,"Contact mode support, embodiment limits, and deployment perturbations.","Branch collapse, hidden-mode shift, and tail-risk planning failures.",Generic world models and generic uncertainty are crowded.,Minimum intervention human correction keeps action-critical alternatives explicit until a physical observation collapses them.
11,doi:10.1109/lra.2021.3083581,Safety-Aware Nonlinear Model Predictive Control for Physical Human-Robot Interaction,2021,IEEE Robotics and Automation Letters,https://doi.org/10.1109/lra.2021.3083581,Addresses interactive robot learning or a neighboring robotics mechanism.,"Prior work usually predicts, ranks, filters, or imitates observed behavior rather than preserving unrealized branches.",The observed outcome is enough to supervise the model.,"Contact mode support, embodiment limits, and deployment perturbations.","Branch collapse, hidden-mode shift, and tail-risk planning failures.",Generic world models and generic uncertainty are crowded.,Minimum intervention human correction keeps action-critical alternatives explicit until a physical observation collapses them.
12,arxiv:2604.21741v2,Hi-WM: Human-in-the-World-Model for Scalable Robot Post-Training,2026,arXiv,http://arxiv.org/abs/2604.21741v2,Addresses interactive robot learning or a neighboring robotics mechanism.,"Prior work usually predicts, ranks, filters, or imitates observed behavior rather than preserving unrealized branches.",The observed outcome is enough to supervise the model.,"Contact mode support, embodiment limits, and deployment perturbations.","Branch collapse, hidden-mode shift, and tail-risk planning failures.",Generic world models and generic uncertainty are crowded.,Minimum intervention human correction keeps action-critical alternatives explicit until a physical observation collapses them.
13,doi:10.1126/scirobotics.adp0751,Development of compositionality through interactive learning of language and action of robots,2025,Science Robotics,https://doi.org/10.1126/scirobotics.adp0751,Addresses interactive robot learning or a neighboring robotics mechanism.,"Prior work usually predicts, ranks, filters, or imitates observed behavior rather than preserving unrealized branches.",The observed outcome is enough to supervise the model.,"Contact mode support, embodiment limits, and deployment perturbations.","Branch collapse, hidden-mode shift, and tail-risk planning failures.",Generic world models and generic uncertainty are crowded.,Minimum intervention human correction keeps action-critical alternatives explicit until a physical observation collapses them.
14,arxiv:2405.11458v1,CPS-LLM: Large Language Model based Safe Usage Plan Generator for Human-in-the-Loop Human-in-the-Plant Cyber-Physical System,2024,arXiv,http://arxiv.org/abs/2405.11458v1,Addresses interactive robot learning or a neighboring robotics mechanism.,"Prior work usually predicts, ranks, filters, or imitates observed behavior rather than preserving unrealized branches.",The observed outcome is enough to supervise the model.,"Contact mode support, embodiment limits, and deployment perturbations.","Branch collapse, hidden-mode shift, and tail-risk planning failures.",Generic world models and generic uncertainty are crowded.,Minimum intervention human correction keeps action-critical alternatives explicit until a physical observation collapses them.
15,arxiv:2601.10796v1,Bidirectional Human-Robot Communication for Physical Human-Robot Interaction,2026,arXiv,http://arxiv.org/abs/2601.10796v1,Addresses interactive robot learning or a neighboring robotics mechanism.,"Prior work usually predicts, ranks, filters, or imitates observed behavior rather than preserving unrealized branches.",The observed outcome is enough to supervise the model.,"Contact mode support, embodiment limits, and deployment perturbations.","Branch collapse, hidden-mode shift, and tail-risk planning failures.",Generic world models and generic uncertainty are crowded.,Minimum intervention human correction keeps action-critical alternatives explicit until a physical observation collapses them.
16,arxiv:2602.22056v2,FlowCorrect: Efficient Interactive Correction of Generative Flow Policies for Robotic Manipulation,2026,arXiv,http://arxiv.org/abs/2602.22056v2,Addresses interactive robot learning or a neighboring robotics mechanism.,"Prior work usually predicts, ranks, filters, or imitates observed behavior rather than preserving unrealized branches.",The observed outcome is enough to supervise the model.,"Contact mode support, embodiment limits, and deployment perturbations.","Branch collapse, hidden-mode shift, and tail-risk planning failures.",Generic world models and generic uncertainty are crowded.,Minimum intervention human correction keeps action-critical alternatives explicit until a physical observation collapses them.
17,doi:10.1109/tcds.2023.3275217,Passive Model-Predictive Impedance Control for Safe Physical Human–Robot Interaction,2024,IEEE Transactions on Cognitive and Developmental Systems,https://doi.org/10.1109/tcds.2023.3275217,Addresses interactive robot learning or a neighboring robotics mechanism.,"Prior work usually predicts, ranks, filters, or imitates observed behavior rather than preserving unrealized branches.",The observed outcome is enough to supervise the model.,"Contact mode support, embodiment limits, and deployment perturbations.","Branch collapse, hidden-mode shift, and tail-risk planning failures.",Generic world models and generic uncertainty are crowded.,Minimum intervention human correction keeps action-critical alternatives explicit until a physical observation collapses them.
18,doi:10.1145/3610978.3638361,Doxo-Physical Planning: A New Paradigm for Safe and Efficient Human-Robot Interaction under Uncertainty,2024,Companion of the 2024 ACM/IEEE International Conference on Human-Robot Interaction,https://doi.org/10.1145/3610978.3638361,Addresses interactive robot learning or a neighboring robotics mechanism.,"Prior work usually predicts, ranks, filters, or imitates observed behavior rather than preserving unrealized branches.",The observed outcome is enough to supervise the model.,"Contact mode support, embodiment limits, and deployment perturbations.","Branch collapse, hidden-mode shift, and tail-risk planning failures.",Generic world models and generic uncertainty are crowded.,Minimum intervention human correction keeps action-critical alternatives explicit until a physical observation collapses them.
19,doi:10.1016/j.jmsy.2021.11.018,Immersive and interactive cyber-physical system (I2CPS) and virtual reality interface for human involved robotic manufacturing,2021,Journal of Manufacturing Systems,https://doi.org/10.1016/j.jmsy.2021.11.018,Addresses interactive robot learning or a neighboring robotics mechanism.,"Prior work usually predicts, ranks, filters, or imitates observed behavior rather than preserving unrealized branches.",The observed outcome is enough to supervise the model.,"Contact mode support, embodiment limits, and deployment perturbations.","Branch collapse, hidden-mode shift, and tail-risk planning failures.",Generic world models and generic uncertainty are crowded.,Minimum intervention human correction keeps action-critical alternatives explicit until a physical observation collapses them.
20,doi:10.1515/jisys-2025-0101,Formal verification of physical human-robot interaction using interactive theorem proving,2026,Journal of Intelligent Systems,https://doi.org/10.1515/jisys-2025-0101,Addresses interactive robot learning or a neighboring robotics mechanism.,"Prior work usually predicts, ranks, filters, or imitates observed behavior rather than preserving unrealized branches.",The observed outcome is enough to supervise the model.,"Contact mode support, embodiment limits, and deployment perturbations.","Branch collapse, hidden-mode shift, and tail-risk planning failures.",Generic world models and generic uncertainty are crowded.,Minimum intervention human correction keeps action-critical alternatives explicit until a physical observation collapses them.
21,doi:10.1109/lra.2026.3671561,Interactive Learning via Physical Human Feedback Using Uncertainty-Aware Energy Tanks,2026,IEEE Robotics and Automation Letters,https://doi.org/10.1109/lra.2026.3671561,Addresses interactive robot learning or a neighboring robotics mechanism.,"Prior work usually predicts, ranks, filters, or imitates observed behavior rather than preserving unrealized branches.",The observed outcome is enough to supervise the model.,"Contact mode support, embodiment limits, and deployment perturbations.","Branch collapse, hidden-mode shift, and tail-risk planning failures.",Generic world models and generic uncertainty are crowded.,Minimum intervention human correction keeps action-critical alternatives explicit until a physical observation collapses them.
22,doi:10.1109/lra.2026.3671537,Collaborative Optimization Framework of Interactive Motion Planning and Emergency Protection Control for Human-Robot Interaction,2026,IEEE Robotics and Automation Letters,https://doi.org/10.1109/lra.2026.3671537,Addresses interactive robot learning or a neighboring robotics mechanism.,"Prior work usually predicts, ranks, filters, or imitates observed behavior rather than preserving unrealized branches.",The observed outcome is enough to supervise the model.,"Contact mode support, embodiment limits, and deployment perturbations.","Branch collapse, hidden-mode shift, and tail-risk planning failures.",Generic world models and generic uncertainty are crowded.,Minimum intervention human correction keeps action-critical alternatives explicit until a physical observation collapses them.
23,doi:10.37193/cmi.2019.02.04,A glass-box interactive machine learning approach for solving NP-hard problems with the human-in-the-loop,2019,Creative Mathematics and Informatics,https://doi.org/10.37193/cmi.2019.02.04,Addresses interactive robot learning or a neighboring robotics mechanism.,"Prior work usually predicts, ranks, filters, or imitates observed behavior rather than preserving unrealized branches.",The observed outcome is enough to supervise the model.,"Contact mode support, embodiment limits, and deployment perturbations.","Branch collapse, hidden-mode shift, and tail-risk planning failures.",Generic world models and generic uncertainty are crowded.,Minimum intervention human correction keeps action-critical alternatives explicit until a physical observation collapses them.
24,doi:10.1016/j.jmsy.2025.11.019,AR-assisted human-robot collaborative assembly system: Integrating visual language model and deep reinforcement learning for task planning and seamless interactive guidance,2026,Journal of Manufacturing Systems,https://doi.org/10.1016/j.jmsy.2025.11.019,Addresses interactive robot learning or a neighboring robotics mechanism.,"Prior work usually predicts, ranks, filters, or imitates observed behavior rather than preserving unrealized branches.",The observed outcome is enough to supervise the model.,"Contact mode support, embodiment limits, and deployment perturbations.","Branch collapse, hidden-mode shift, and tail-risk planning failures.",Generic world models and generic uncertainty are crowded.,Minimum intervention human correction keeps action-critical alternatives explicit until a physical observation collapses them.
25,doi:10.1109/lra.2024.3482128,Interactive Distance Field Mapping and Planning to Enable Human-Robot Collaboration,2024,IEEE Robotics and Automation Letters,https://doi.org/10.1109/lra.2024.3482128,Addresses interactive robot learning or a neighboring robotics mechanism.,"Prior work usually predicts, ranks, filters, or imitates observed behavior rather than preserving unrealized branches.",The observed outcome is enough to supervise the model.,"Contact mode support, embodiment limits, and deployment perturbations.","Branch collapse, hidden-mode shift, and tail-risk planning failures.",Generic world models and generic uncertainty are crowded.,Minimum intervention human correction keeps action-critical alternatives explicit until a physical observation collapses them.
26,doi:10.1109/tii.2022.3217833,Deep Imitation Learning of Nonlinear Model Predictive Control Laws for a Safe Physical Human–Robot Interaction,2023,IEEE Transactions on Industrial Informatics,https://doi.org/10.1109/tii.2022.3217833,Addresses interactive robot learning or a neighboring robotics mechanism.,"Prior work usually predicts, ranks, filters, or imitates observed behavior rather than preserving unrealized branches.",The observed outcome is enough to supervise the model.,"Contact mode support, embodiment limits, and deployment perturbations.","Branch collapse, hidden-mode shift, and tail-risk planning failures.",Generic world models and generic uncertainty are crowded.,Minimum intervention human correction keeps action-critical alternatives explicit until a physical observation collapses them.
27,doi:10.1061/(asce)cp.1943-5487.0000988,Interactive and Immersive Process-Level Digital Twin for Collaborative Human–Robot Construction Work,2021,Journal of Computing in Civil Engineering,https://doi.org/10.1061/(asce)cp.1943-5487.0000988,Addresses interactive robot learning or a neighboring robotics mechanism.,"Prior work usually predicts, ranks, filters, or imitates observed behavior rather than preserving unrealized branches.",The observed outcome is enough to supervise the model.,"Contact mode support, embodiment limits, and deployment perturbations.","Branch collapse, hidden-mode shift, and tail-risk planning failures.",Generic world models and generic uncertainty are crowded.,Minimum intervention human correction keeps action-critical alternatives explicit until a physical observation collapses them.
28,title:cloud edge hybrid robotic systems for physical human robot interactions,Cloud-Edge Hybrid Robotic Systems for Physical Human Robot Interactions,2020,eScholarship (California Digital Library),https://openalex.org/W3099498518,Addresses interactive robot learning or a neighboring robotics mechanism.,"Prior work usually predicts, ranks, filters, or imitates observed behavior rather than preserving unrealized branches.",The observed outcome is enough to supervise the model.,"Contact mode support, embodiment limits, and deployment perturbations.","Branch collapse, hidden-mode shift, and tail-risk planning failures.",Generic world models and generic uncertainty are crowded.,Minimum intervention human correction keeps action-critical alternatives explicit until a physical observation collapses them.
29,doi:10.48550/arxiv.1708.01104,A glass-box interactive machine learning approach for solving NP-hard\n problems with the human-in-the-loop,2017,arXiv (Cornell University),https://doi.org/10.48550/arxiv.1708.01104,Addresses interactive robot learning or a neighboring robotics mechanism.,"Prior work usually predicts, ranks, filters, or imitates observed behavior rather than preserving unrealized branches.",The observed outcome is enough to supervise the model.,"Contact mode support, embodiment limits, and deployment perturbations.","Branch collapse, hidden-mode shift, and tail-risk planning failures.",Generic world models and generic uncertainty are crowded.,Minimum intervention human correction keeps action-critical alternatives explicit until a physical observation collapses them.
30,arxiv:2506.20566v1,HRIBench: Benchmarking Vision-Language Models for Real-Time Human Perception in Human-Robot Interaction,2025,arXiv,http://arxiv.org/abs/2506.20566v1,Addresses interactive robot learning or a neighboring robotics mechanism.,"Prior work usually predicts, ranks, filters, or imitates observed behavior rather than preserving unrealized branches.",The observed outcome is enough to supervise the model.,"Contact mode support, embodiment limits, and deployment perturbations.","Branch collapse, hidden-mode shift, and tail-risk planning failures.",Generic world models and generic uncertainty are crowded.,Minimum intervention human correction keeps action-critical alternatives explicit until a physical observation collapses them.
31,doi:10.1115/dscc2014-6339,Haptic Control in Physical Human-Robot Interaction Based on Support Vector Machine Classification of Muscle Activity: A Preliminary Study,2014,"Volume 3: Industrial Applications; Modeling for Oil and Gas, Control and Validation, Estimation, and Control of Automotive Systems; Multi-Agent and Networked Systems; Control System Design; Physical Human-Robot Interaction; Rehabilitation Robotics; Sensing and Actuation for Control; Biomedical Systems; Time Delay Systems and Stability; Unmanned Ground and Surface Robotics; Vehicle Motion Controls; Vibration Analysis and Isolation; Vibration and Control for Energy Harvesting; Wind Energy",https://doi.org/10.1115/dscc2014-6339,Addresses interactive robot learning or a neighboring robotics mechanism.,"Prior work usually predicts, ranks, filters, or imitates observed behavior rather than preserving unrealized branches.",The observed outcome is enough to supervise the model.,"Contact mode support, embodiment limits, and deployment perturbations.","Branch collapse, hidden-mode shift, and tail-risk planning failures.",Generic world models and generic uncertainty are crowded.,Minimum intervention human correction keeps action-critical alternatives explicit until a physical observation collapses them.
32,doi:10.1177/01423312251387375,Learning-based motion predictor for human–robot-interactive system with large communication delays,2025,Transactions of the Institute of Measurement and Control,https://doi.org/10.1177/01423312251387375,Addresses interactive robot learning or a neighboring robotics mechanism.,"Prior work usually predicts, ranks, filters, or imitates observed behavior rather than preserving unrealized branches.",The observed outcome is enough to supervise the model.,"Contact mode support, embodiment limits, and deployment perturbations.","Branch collapse, hidden-mode shift, and tail-risk planning failures.",Generic world models and generic uncertainty are crowded.,Minimum intervention human correction keeps action-critical alternatives explicit until a physical observation collapses them.
33,doi:10.1002/asjc.70001,Output‐constrained adaptive optimal control for physical human–robot interaction using electromyography signals,2025,Asian Journal of Control,https://doi.org/10.1002/asjc.70001,Addresses interactive robot learning or a neighboring robotics mechanism.,"Prior work usually predicts, ranks, filters, or imitates observed behavior rather than preserving unrealized branches.",The observed outcome is enough to supervise the model.,"Contact mode support, embodiment limits, and deployment perturbations.","Branch collapse, hidden-mode shift, and tail-risk planning failures.",Generic world models and generic uncertainty are crowded.,Minimum intervention human correction keeps action-critical alternatives explicit until a physical observation collapses them.
34,doi:10.1111/j.1461-0248.2011.01719.x,Multiple resource limitation theory applied to herbivorous consumers: Liebig’s minimum rule vs. interactive co‐limitation,2012,Ecology Letters,https://doi.org/10.1111/j.1461-0248.2011.01719.x,Addresses interactive robot learning or a neighboring robotics mechanism.,"Prior work usually predicts, ranks, filters, or imitates observed behavior rather than preserving unrealized branches.",The observed outcome is enough to supervise the model.,"Contact mode support, embodiment limits, and deployment perturbations.","Branch collapse, hidden-mode shift, and tail-risk planning failures.",Generic world models and generic uncertainty are crowded.,Minimum intervention human correction keeps action-critical alternatives explicit until a physical observation collapses them.
35,doi:10.1109/tro.2012.2189498,Physical Human Interactive Guidance: Identifying Grasping Principles From Human-Planned Grasps,2012,IEEE Transactions on Robotics,https://doi.org/10.1109/tro.2012.2189498,Addresses interactive robot learning or a neighboring robotics mechanism.,"Prior work usually predicts, ranks, filters, or imitates observed behavior rather than preserving unrealized branches.",The observed outcome is enough to supervise the model.,"Contact mode support, embodiment limits, and deployment perturbations.","Branch collapse, hidden-mode shift, and tail-risk planning failures.",Generic world models and generic uncertainty are crowded.,Minimum intervention human correction keeps action-critical alternatives explicit until a physical observation collapses them.
36,doi:10.1109/icra57147.2024.10610552,Safe and Individualized Motion Planning for Upper-limb Exoskeleton Robots Using Human Demonstration and Interactive Learning,2024,2024 IEEE International Conference on Robotics and Automation (ICRA),https://doi.org/10.1109/icra57147.2024.10610552,Addresses interactive robot learning or a neighboring robotics mechanism.,"Prior work usually predicts, ranks, filters, or imitates observed behavior rather than preserving unrealized branches.",The observed outcome is enough to supervise the model.,"Contact mode support, embodiment limits, and deployment perturbations.","Branch collapse, hidden-mode shift, and tail-risk planning failures.",Generic world models and generic uncertainty are crowded.,Minimum intervention human correction keeps action-critical alternatives explicit until a physical observation collapses them.
37,doi:10.1109/etfa52439.2022.9921553,Inverse Optimal Control for the identification of human objective: a preparatory study for physical Human-Robot Interaction,2022,2022 IEEE 27th International Conference on Emerging Technologies and Factory Automation (ETFA),https://doi.org/10.1109/etfa52439.2022.9921553,Addresses interactive robot learning or a neighboring robotics mechanism.,"Prior work usually predicts, ranks, filters, or imitates observed behavior rather than preserving unrealized branches.",The observed outcome is enough to supervise the model.,"Contact mode support, embodiment limits, and deployment perturbations.","Branch collapse, hidden-mode shift, and tail-risk planning failures.",Generic world models and generic uncertainty are crowded.,Minimum intervention human correction keeps action-critical alternatives explicit until a physical observation collapses them.
38,doi:10.1115/1.4066367,Human-to-Robot Attention Transfer for Robot Execution Failure Avoidance Using Stacked Neural Networks,2025,ASME Open Journal of Engineering,https://doi.org/10.1115/1.4066367,Addresses interactive robot learning or a neighboring robotics mechanism.,"Prior work usually predicts, ranks, filters, or imitates observed behavior rather than preserving unrealized branches.",The observed outcome is enough to supervise the model.,"Contact mode support, embodiment limits, and deployment perturbations.","Branch collapse, hidden-mode shift, and tail-risk planning failures.",Generic world models and generic uncertainty are crowded.,Minimum intervention human correction keeps action-critical alternatives explicit until a physical observation collapses them.
39,doi:10.63056/ijair.1.1.2025.86,Human-in-the-Loop Robotics: Enhancing Safety and Adaptability through Interactive AI Systems,2025,International Journal of Advanced and Innovative Research (IJAIR),https://doi.org/10.63056/ijair.1.1.2025.86,Addresses interactive robot learning or a neighboring robotics mechanism.,"Prior work usually predicts, ranks, filters, or imitates observed behavior rather than preserving unrealized branches.",The observed outcome is enough to supervise the model.,"Contact mode support, embodiment limits, and deployment perturbations.","Branch collapse, hidden-mode shift, and tail-risk planning failures.",Generic world models and generic uncertainty are crowded.,Minimum intervention human correction keeps action-critical alternatives explicit until a physical observation collapses them.
40,doi:10.1017/s026357471300074x,I am a warm robot: the effects of temperature in physical human–robot interaction,2013,Robotica,https://doi.org/10.1017/s026357471300074x,Addresses interactive robot learning or a neighboring robotics mechanism.,"Prior work usually predicts, ranks, filters, or imitates observed behavior rather than preserving unrealized branches.",The observed outcome is enough to supervise the model.,"Contact mode support, embodiment limits, and deployment perturbations.","Branch collapse, hidden-mode shift, and tail-risk planning failures.",Generic world models and generic uncertainty are crowded.,Minimum intervention human correction keeps action-critical alternatives explicit until a physical observation collapses them.
41,doi:10.1109/tmech.2022.3155601,Cooperative Transportation With Mobile Manipulator: A Capability Map-Based Framework for Physical Human–Robot Collaboration,2022,IEEE/ASME Transactions on Mechatronics,https://doi.org/10.1109/tmech.2022.3155601,Addresses interactive robot learning or a neighboring robotics mechanism.,"Prior work usually predicts, ranks, filters, or imitates observed behavior rather than preserving unrealized branches.",The observed outcome is enough to supervise the model.,"Contact mode support, embodiment limits, and deployment perturbations.","Branch collapse, hidden-mode shift, and tail-risk planning failures.",Generic world models and generic uncertainty are crowded.,Minimum intervention human correction keeps action-critical alternatives explicit until a physical observation collapses them.
42,doi:10.1109/lra.2026.3692059,Predicting Tactile Sensory Outcome of Physical Human-Robot Interaction Through Embodied Learning Strategy,2026,IEEE Robotics and Automation Letters,https://doi.org/10.1109/lra.2026.3692059,Addresses interactive robot learning or a neighboring robotics mechanism.,"Prior work usually predicts, ranks, filters, or imitates observed behavior rather than preserving unrealized branches.",The observed outcome is enough to supervise the model.,"Contact mode support, embodiment limits, and deployment perturbations.","Branch collapse, hidden-mode shift, and tail-risk planning failures.",Generic world models and generic uncertainty are crowded.,Minimum intervention human correction keeps action-critical alternatives explicit until a physical observation collapses them.
43,doi:10.1016/j.mfglet.2025.06.016,A 3DGS and LLM-based physical-to-virtual approach for human-robot interactive manufacturing,2025,Manufacturing Letters,https://doi.org/10.1016/j.mfglet.2025.06.016,Addresses interactive robot learning or a neighboring robotics mechanism.,"Prior work usually predicts, ranks, filters, or imitates observed behavior rather than preserving unrealized branches.",The observed outcome is enough to supervise the model.,"Contact mode support, embodiment limits, and deployment perturbations.","Branch collapse, hidden-mode shift, and tail-risk planning failures.",Generic world models and generic uncertainty are crowded.,Minimum intervention human correction keeps action-critical alternatives explicit until a physical observation collapses them.
44,doi:10.1002/cav.70093,Correction to “Artist‐Directable Motion Generation Using Overlapping Minimum Jerk Trajectories for Interactive Embodied Social Agent Adapting to Dynamic Environments”,2026,Computer Animation and Virtual Worlds,https://doi.org/10.1002/cav.70093,Addresses interactive robot learning or a neighboring robotics mechanism.,"Prior work usually predicts, ranks, filters, or imitates observed behavior rather than preserving unrealized branches.",The observed outcome is enough to supervise the model.,"Contact mode support, embodiment limits, and deployment perturbations.","Branch collapse, hidden-mode shift, and tail-risk planning failures.",Generic world models and generic uncertainty are crowded.,Minimum intervention human correction keeps action-critical alternatives explicit until a physical observation collapses them.
45,doi:10.1109/ro-man63969.2025.11217914,Interactive Robotic Painting: A Multi-Mode System for Human-Robot Art-making,2025,2025 34th IEEE International Conference on Robot and Human Interactive Communication (RO-MAN),https://doi.org/10.1109/ro-man63969.2025.11217914,Addresses interactive robot learning or a neighboring robotics mechanism.,"Prior work usually predicts, ranks, filters, or imitates observed behavior rather than preserving unrealized branches.",The observed outcome is enough to supervise the model.,"Contact mode support, embodiment limits, and deployment perturbations.","Branch collapse, hidden-mode shift, and tail-risk planning failures.",Generic world models and generic uncertainty are crowded.,Minimum intervention human correction keeps action-critical alternatives explicit until a physical observation collapses them.
46,doi:10.1371/journal.pone.0340212,Correction: Robot or human? Manoeuvring switching intention after robot service failure,2026,PLOS One,https://doi.org/10.1371/journal.pone.0340212,Addresses interactive robot learning or a neighboring robotics mechanism.,"Prior work usually predicts, ranks, filters, or imitates observed behavior rather than preserving unrealized branches.",The observed outcome is enough to supervise the model.,"Contact mode support, embodiment limits, and deployment perturbations.","Branch collapse, hidden-mode shift, and tail-risk planning failures.",Generic world models and generic uncertainty are crowded.,Minimum intervention human correction keeps action-critical alternatives explicit until a physical observation collapses them.
47,doi:10.1109/tmrb.2026.3680938,Disturbance-Observer-Based Sliding Mode Controller for Physical Human–Robot Interaction in Multi-Joint Exoskeleton Robots,2026,IEEE Transactions on Medical Robotics and Bionics,https://doi.org/10.1109/tmrb.2026.3680938,Addresses interactive robot learning or a neighboring robotics mechanism.,"Prior work usually predicts, ranks, filters, or imitates observed behavior rather than preserving unrealized branches.",The observed outcome is enough to supervise the model.,"Contact mode support, embodiment limits, and deployment perturbations.","Branch collapse, hidden-mode shift, and tail-risk planning failures.",Generic world models and generic uncertainty are crowded.,Minimum intervention human correction keeps action-critical alternatives explicit until a physical observation collapses them.
48,doi:10.3410/f.13952972.15408075,Faculty of 1000 evaluation for Multiple resource limitation theory applied to herbivorous consumers: Liebig's minimum rule vs. interactive co-limitation.,2012,F1000 - Post-publication peer review of the biomedical literature,https://doi.org/10.3410/f.13952972.15408075,Addresses interactive robot learning or a neighboring robotics mechanism.,"Prior work usually predicts, ranks, filters, or imitates observed behavior rather than preserving unrealized branches.",The observed outcome is enough to supervise the model.,"Contact mode support, embodiment limits, and deployment perturbations.","Branch collapse, hidden-mode shift, and tail-risk planning failures.",Generic world models and generic uncertainty are crowded.,Minimum intervention human correction keeps action-critical alternatives explicit until a physical observation collapses them.
49,doi:10.3390/s26103140,Uncertainty-Calibrated Safety Gating for Vision–Language– Action Manipulation Under Domain Shift: Reliability Gains and Intervention–Efficiency Trade-Offs,2026,Sensors,https://doi.org/10.3390/s26103140,Addresses interactive robot learning or a neighboring robotics mechanism.,"Prior work usually predicts, ranks, filters, or imitates observed behavior rather than preserving unrealized branches.",The observed outcome is enough to supervise the model.,"Contact mode support, embodiment limits, and deployment perturbations.","Branch collapse, hidden-mode shift, and tail-risk planning failures.",Generic world models and generic uncertainty are crowded.,Minimum intervention human correction keeps action-critical alternatives explicit until a physical observation collapses them.
50,arxiv:2601.07821v1,Failure-Aware RL: Reliable Offline-to-Online Reinforcement Learning with Self-Recovery for Real-World Manipulation,2026,arXiv,http://arxiv.org/abs/2601.07821v1,Addresses interactive robot learning or a neighboring robotics mechanism.,"Prior work usually predicts, ranks, filters, or imitates observed behavior rather than preserving unrealized branches.",The observed outcome is enough to supervise the model.,"Contact mode support, embodiment limits, and deployment perturbations.","Branch collapse, hidden-mode shift, and tail-risk planning failures.",Generic world models and generic uncertainty are crowded.,Minimum intervention human correction keeps action-critical alternatives explicit until a physical observation collapses them.
51,doi:10.1109/robio64047.2024.10907712,Fractional-Order Logarithmic Sliding Mode Control for Sensorless Physical Human-Robot Interaction,2024,2024 IEEE International Conference on Robotics and Biomimetics (ROBIO),https://doi.org/10.1109/robio64047.2024.10907712,Addresses interactive robot learning or a neighboring robotics mechanism.,"Prior work usually predicts, ranks, filters, or imitates observed behavior rather than preserving unrealized branches.",The observed outcome is enough to supervise the model.,"Contact mode support, embodiment limits, and deployment perturbations.","Branch collapse, hidden-mode shift, and tail-risk planning failures.",Generic world models and generic uncertainty are crowded.,Minimum intervention human correction keeps action-critical alternatives explicit until a physical observation collapses them.
52,doi:10.1109/tase.2025.3576586,Reinforcement Learning-Based Admittance Control for Physical Human–Robot Interaction With Output Constraints,2025,IEEE Transactions on Automation Science and Engineering,https://doi.org/10.1109/tase.2025.3576586,Addresses interactive robot learning or a neighboring robotics mechanism.,"Prior work usually predicts, ranks, filters, or imitates observed behavior rather than preserving unrealized branches.",The observed outcome is enough to supervise the model.,"Contact mode support, embodiment limits, and deployment perturbations.","Branch collapse, hidden-mode shift, and tail-risk planning failures.",Generic world models and generic uncertainty are crowded.,Minimum intervention human correction keeps action-critical alternatives explicit until a physical observation collapses them.
53,doi:10.1109/cacre54574.2022.9834199,Humanoid Trajectory Planning for Robot Based on Minimum-Jerk Model of Human Arm,2022,"2022 7th International Conference on Automation, Control and Robotics Engineering (CACRE)",https://doi.org/10.1109/cacre54574.2022.9834199,Addresses interactive robot learning or a neighboring robotics mechanism.,"Prior work usually predicts, ranks, filters, or imitates observed behavior rather than preserving unrealized branches.",The observed outcome is enough to supervise the model.,"Contact mode support, embodiment limits, and deployment perturbations.","Branch collapse, hidden-mode shift, and tail-risk planning failures.",Generic world models and generic uncertainty are crowded.,Minimum intervention human correction keeps action-critical alternatives explicit until a physical observation collapses them.
54,doi:10.1002/aisy.202200101,Intelligent Interactive Control via Haptic E‐skin for Human–Robot Interaction and Collaboration,2022,Advanced Intelligent Systems,https://doi.org/10.1002/aisy.202200101,Addresses interactive robot learning or a neighboring robotics mechanism.,"Prior work usually predicts, ranks, filters, or imitates observed behavior rather than preserving unrealized branches.",The observed outcome is enough to supervise the model.,"Contact mode support, embodiment limits, and deployment perturbations.","Branch collapse, hidden-mode shift, and tail-risk planning failures.",Generic world models and generic uncertainty are crowded.,Minimum intervention human correction keeps action-critical alternatives explicit until a physical observation collapses them.
55,doi:10.3390/app15062954,Failure Modes Analysis Related to User Experience in Interactive System Design Through a Fuzzy Failure Mode and Effect Analysis-Based Hybrid Approach,2025,Applied Sciences,https://doi.org/10.3390/app15062954,Addresses interactive robot learning or a neighboring robotics mechanism.,"Prior work usually predicts, ranks, filters, or imitates observed behavior rather than preserving unrealized branches.",The observed outcome is enough to supervise the model.,"Contact mode support, embodiment limits, and deployment perturbations.","Branch collapse, hidden-mode shift, and tail-risk planning failures.",Generic world models and generic uncertainty are crowded.,Minimum intervention human correction keeps action-critical alternatives explicit until a physical observation collapses them.
56,doi:10.3389/fnbot.2023.1280341,A human-centered safe robot reinforcement learning framework with interactive behaviors,2023,Frontiers in Neurorobotics,https://doi.org/10.3389/fnbot.2023.1280341,Addresses interactive robot learning or a neighboring robotics mechanism.,"Prior work usually predicts, ranks, filters, or imitates observed behavior rather than preserving unrealized branches.",The observed outcome is enough to supervise the model.,"Contact mode support, embodiment limits, and deployment perturbations.","Branch collapse, hidden-mode shift, and tail-risk planning failures.",Generic world models and generic uncertainty are crowded.,Minimum intervention human correction keeps action-critical alternatives explicit until a physical observation collapses them.
57,doi:10.1088/1742-6596/1746/1/012035,RobotDrlSim: A Real Time Robot Simulation Platform for Reinforcement Learning and Human Interactive Demonstration Learning,2021,Journal of Physics: Conference Series,https://doi.org/10.1088/1742-6596/1746/1/012035,Addresses interactive robot learning or a neighboring robotics mechanism.,"Prior work usually predicts, ranks, filters, or imitates observed behavior rather than preserving unrealized branches.",The observed outcome is enough to supervise the model.,"Contact mode support, embodiment limits, and deployment perturbations.","Branch collapse, hidden-mode shift, and tail-risk planning failures.",Generic world models and generic uncertainty are crowded.,Minimum intervention human correction keeps action-critical alternatives explicit until a physical observation collapses them.
58,doi:10.3390/app14146369,Evolution of Industrial Robots from the Perspective of the Metaverse: Integration of Virtual and Physical Realities and Human–Robot Collaboration,2024,Applied Sciences,https://doi.org/10.3390/app14146369,Addresses interactive robot learning or a neighboring robotics mechanism.,"Prior work usually predicts, ranks, filters, or imitates observed behavior rather than preserving unrealized branches.",The observed outcome is enough to supervise the model.,"Contact mode support, embodiment limits, and deployment perturbations.","Branch collapse, hidden-mode shift, and tail-risk planning failures.",Generic world models and generic uncertainty are crowded.,Minimum intervention human correction keeps action-critical alternatives explicit until a physical observation collapses them.
59,arxiv:2112.06020v1,Learn from Human Teams: a Probabilistic Solution to Real-Time Collaborative Robot Handling with Dynamic Gesture Commands,2021,arXiv,http://arxiv.org/abs/2112.06020v1,Addresses interactive robot learning or a neighboring robotics mechanism.,"Prior work usually predicts, ranks, filters, or imitates observed behavior rather than preserving unrealized branches.",The observed outcome is enough to supervise the model.,"Contact mode support, embodiment limits, and deployment perturbations.","Branch collapse, hidden-mode shift, and tail-risk planning failures.",Generic world models and generic uncertainty are crowded.,Minimum intervention human correction keeps action-critical alternatives explicit until a physical observation collapses them.
60,doi:10.1609/aaai.v40i29.39677,Continuous Vision-Language-Action Co-Learning with Semantic-Physical Alignment for Behavioral Cloning,2026,Proceedings of the AAAI Conference on Artificial Intelligence,https://doi.org/10.1609/aaai.v40i29.39677,Addresses interactive robot learning or a neighboring robotics mechanism.,"Prior work usually predicts, ranks, filters, or imitates observed behavior rather than preserving unrealized branches.",The observed outcome is enough to supervise the model.,"Contact mode support, embodiment limits, and deployment perturbations.","Branch collapse, hidden-mode shift, and tail-risk planning failures.",Generic world models and generic uncertainty are crowded.,Minimum intervention human correction keeps action-critical alternatives explicit until a physical observation collapses them.
61,doi:10.3390/electronics13061044,Dynamic Affect-Based Motion Planning of a Humanoid Robot for Human-Robot Collaborative Assembly in Manufacturing,2024,Electronics,https://doi.org/10.3390/electronics13061044,Addresses interactive robot learning or a neighboring robotics mechanism.,"Prior work usually predicts, ranks, filters, or imitates observed behavior rather than preserving unrealized branches.",The observed outcome is enough to supervise the model.,"Contact mode support, embodiment limits, and deployment perturbations.","Branch collapse, hidden-mode shift, and tail-risk planning failures.",Generic world models and generic uncertainty are crowded.,Minimum intervention human correction keeps action-critical alternatives explicit until a physical observation collapses them.
62,doi:10.1145/3411764.3445629,Domestic Robots and the Dream of Automation: Understanding Human Interaction and Intervention,2021,,https://doi.org/10.1145/3411764.3445629,Addresses interactive robot learning or a neighboring robotics mechanism.,"Prior work usually predicts, ranks, filters, or imitates observed behavior rather than preserving unrealized branches.",The observed outcome is enough to supervise the model.,"Contact mode support, embodiment limits, and deployment perturbations.","Branch collapse, hidden-mode shift, and tail-risk planning failures.",Generic world models and generic uncertainty are crowded.,Minimum intervention human correction keeps action-critical alternatives explicit until a physical observation collapses them.
63,doi:10.1109/jas.2020.1003518,Digital Twin for Human-Robot Interactive Welding and Welder Behavior Analysis,2020,IEEE/CAA Journal of Automatica Sinica,https://doi.org/10.1109/jas.2020.1003518,Addresses interactive robot learning or a neighboring robotics mechanism.,"Prior work usually predicts, ranks, filters, or imitates observed behavior rather than preserving unrealized branches.",The observed outcome is enough to supervise the model.,"Contact mode support, embodiment limits, and deployment perturbations.","Branch collapse, hidden-mode shift, and tail-risk planning failures.",Generic world models and generic uncertainty are crowded.,Minimum intervention human correction keeps action-critical alternatives explicit until a physical observation collapses them.
64,arxiv:1701.06049v2,Interactive Learning from Policy-Dependent Human Feedback,2017,arXiv,http://arxiv.org/abs/1701.06049v2,Addresses interactive robot learning or a neighboring robotics mechanism.,"Prior work usually predicts, ranks, filters, or imitates observed behavior rather than preserving unrealized branches.",The observed outcome is enough to supervise the model.,"Contact mode support, embodiment limits, and deployment perturbations.","Branch collapse, hidden-mode shift, and tail-risk planning failures.",Generic world models and generic uncertainty are crowded.,Minimum intervention human correction keeps action-critical alternatives explicit until a physical observation collapses them.
65,doi:10.1115/imece1998-0238,Finger Touch Sensors Using Instrumented Nails and Their Application to Human-Robot Interactive Control,1998,Dynamic Systems and Control,https://doi.org/10.1115/imece1998-0238,Addresses interactive robot learning or a neighboring robotics mechanism.,"Prior work usually predicts, ranks, filters, or imitates observed behavior rather than preserving unrealized branches.",The observed outcome is enough to supervise the model.,"Contact mode support, embodiment limits, and deployment perturbations.","Branch collapse, hidden-mode shift, and tail-risk planning failures.",Generic world models and generic uncertainty are crowded.,Minimum intervention human correction keeps action-critical alternatives explicit until a physical observation collapses them.
66,doi:10.1016/0921-8890(96)00008-5,Interactive task planning under uncertainty and goal changes,1996,Robotics and Autonomous Systems,https://doi.org/10.1016/0921-8890(96)00008-5,Addresses interactive robot learning or a neighboring robotics mechanism.,"Prior work usually predicts, ranks, filters, or imitates observed behavior rather than preserving unrealized branches.",The observed outcome is enough to supervise the model.,"Contact mode support, embodiment limits, and deployment perturbations.","Branch collapse, hidden-mode shift, and tail-risk planning failures.",Generic world models and generic uncertainty are crowded.,Minimum intervention human correction keeps action-critical alternatives explicit until a physical observation collapses them.
67,arxiv:2606.02562v1,Permissive Safety Through Trusted Inference: Verifiable Belief-Space Neural Safety Filters for Assured Interactive Robotics,2026,arXiv,http://arxiv.org/abs/2606.02562v1,Addresses interactive robot learning or a neighboring robotics mechanism.,"Prior work usually predicts, ranks, filters, or imitates observed behavior rather than preserving unrealized branches.",The observed outcome is enough to supervise the model.,"Contact mode support, embodiment limits, and deployment perturbations.","Branch collapse, hidden-mode shift, and tail-risk planning failures.",Generic world models and generic uncertainty are crowded.,Minimum intervention human correction keeps action-critical alternatives explicit until a physical observation collapses them.
68,doi:10.1007/978-981-96-1694-7_2,Cooperative Game-Based Decentralized Approximate Optimal Control for Reconfigurable Robot Manipulators with Physical Human-Robot Interaction,2025,"Lecture Notes in Electrical Engineering Proceedings of the 3rd International Conference on Machine Learning, Cloud Computing and Intelligent Mining (MLCCIM2024)",https://doi.org/10.1007/978-981-96-1694-7_2,Addresses interactive robot learning or a neighboring robotics mechanism.,"Prior work usually predicts, ranks, filters, or imitates observed behavior rather than preserving unrealized branches.",The observed outcome is enough to supervise the model.,"Contact mode support, embodiment limits, and deployment perturbations.","Branch collapse, hidden-mode shift, and tail-risk planning failures.",Generic world models and generic uncertainty are crowded.,Minimum intervention human correction keeps action-critical alternatives explicit until a physical observation collapses them.
69,doi:10.1109/cei66465.2025.11398684,Nonzero-Sum Differential Game-Based Distributed Optimal Control of Reconfigurable Robot with Physical Human-Robot Interaction,2025,"2025 5th International Conference on Computer Science, Electronic Information Engineering and Intelligent Control Technology (CEI)",https://doi.org/10.1109/cei66465.2025.11398684,Addresses interactive robot learning or a neighboring robotics mechanism.,"Prior work usually predicts, ranks, filters, or imitates observed behavior rather than preserving unrealized branches.",The observed outcome is enough to supervise the model.,"Contact mode support, embodiment limits, and deployment perturbations.","Branch collapse, hidden-mode shift, and tail-risk planning failures.",Generic world models and generic uncertainty are crowded.,Minimum intervention human correction keeps action-critical alternatives explicit until a physical observation collapses them.
70,doi:10.1109/toh.2025.3580544,DIBLF-Based Adaptive Optimal Constrained Control for Collaborative Robots Under Different Human-Robot Interactive Tasks,2025,IEEE Transactions on Haptics,https://doi.org/10.1109/toh.2025.3580544,Addresses interactive robot learning or a neighboring robotics mechanism.,"Prior work usually predicts, ranks, filters, or imitates observed behavior rather than preserving unrealized branches.",The observed outcome is enough to supervise the model.,"Contact mode support, embodiment limits, and deployment perturbations.","Branch collapse, hidden-mode shift, and tail-risk planning failures.",Generic world models and generic uncertainty are crowded.,Minimum intervention human correction keeps action-critical alternatives explicit until a physical observation collapses them.
71,doi:10.1109/robio.2006.340158,A New Optimal Control Model for Reproducing Human Arm's Two-Point Reaching Movements: A Modified Minimum Torque Change Model,2006,2006 IEEE International Conference on Robotics and Biomimetics,https://doi.org/10.1109/robio.2006.340158,Addresses interactive robot learning or a neighboring robotics mechanism.,"Prior work usually predicts, ranks, filters, or imitates observed behavior rather than preserving unrealized branches.",The observed outcome is enough to supervise the model.,"Contact mode support, embodiment limits, and deployment perturbations.","Branch collapse, hidden-mode shift, and tail-risk planning failures.",Generic world models and generic uncertainty are crowded.,Minimum intervention human correction keeps action-critical alternatives explicit until a physical observation collapses them.
72,arxiv:2512.00797v1,Transforming Monolithic Foundation Models into Embodied Multi-Agent Architectures for Human-Robot Collaboration,2025,arXiv,http://arxiv.org/abs/2512.00797v1,Addresses interactive robot learning or a neighboring robotics mechanism.,"Prior work usually predicts, ranks, filters, or imitates observed behavior rather than preserving unrealized branches.",The observed outcome is enough to supervise the model.,"Contact mode support, embodiment limits, and deployment perturbations.","Branch collapse, hidden-mode shift, and tail-risk planning failures.",Generic world models and generic uncertainty are crowded.,Minimum intervention human correction keeps action-critical alternatives explicit until a physical observation collapses them.
73,doi:10.1109/roman.2000.892505,Interactive classifier system for real robot learning,2002,,https://doi.org/10.1109/roman.2000.892505,Addresses interactive robot learning or a neighboring robotics mechanism.,"Prior work usually predicts, ranks, filters, or imitates observed behavior rather than preserving unrealized branches.",The observed outcome is enough to supervise the model.,"Contact mode support, embodiment limits, and deployment perturbations.","Branch collapse, hidden-mode shift, and tail-risk planning failures.",Generic world models and generic uncertainty are crowded.,Minimum intervention human correction keeps action-critical alternatives explicit until a physical observation collapses them.
74,doi:10.1038/s41598-017-17682-7,Intrinsic interactive reinforcement learning – Using error-related potentials for real world human-robot interaction,2017,Scientific Reports,https://doi.org/10.1038/s41598-017-17682-7,Addresses interactive robot learning or a neighboring robotics mechanism.,"Prior work usually predicts, ranks, filters, or imitates observed behavior rather than preserving unrealized branches.",The observed outcome is enough to supervise the model.,"Contact mode support, embodiment limits, and deployment perturbations.","Branch collapse, hidden-mode shift, and tail-risk planning failures.",Generic world models and generic uncertainty are crowded.,Minimum intervention human correction keeps action-critical alternatives explicit until a physical observation collapses them.
75,doi:10.1007/s10270-023-01125-1,Analyzing the impact of human errors on interactive service robotic scenarios via formal verification,2023,Software & Systems Modeling,https://doi.org/10.1007/s10270-023-01125-1,Addresses interactive robot learning or a neighboring robotics mechanism.,"Prior work usually predicts, ranks, filters, or imitates observed behavior rather than preserving unrealized branches.",The observed outcome is enough to supervise the model.,"Contact mode support, embodiment limits, and deployment perturbations.","Branch collapse, hidden-mode shift, and tail-risk planning failures.",Generic world models and generic uncertainty are crowded.,Minimum intervention human correction keeps action-critical alternatives explicit until a physical observation collapses them.
76,doi:10.1186/s12984-017-0237-y,Physical human-robot interaction of an active pelvis orthosis: toward ergonomic assessment of wearable robots,2017,Journal of NeuroEngineering and Rehabilitation,https://doi.org/10.1186/s12984-017-0237-y,Addresses interactive robot learning or a neighboring robotics mechanism.,"Prior work usually predicts, ranks, filters, or imitates observed behavior rather than preserving unrealized branches.",The observed outcome is enough to supervise the model.,"Contact mode support, embodiment limits, and deployment perturbations.","Branch collapse, hidden-mode shift, and tail-risk planning failures.",Generic world models and generic uncertainty are crowded.,Minimum intervention human correction keeps action-critical alternatives explicit until a physical observation collapses them.
77,doi:10.1007/s10489-018-1361-5,Interactive machine learning: experimental evidence for the human in the algorithmic loop,2018,Applied Intelligence,https://doi.org/10.1007/s10489-018-1361-5,Addresses interactive robot learning or a neighboring robotics mechanism.,"Prior work usually predicts, ranks, filters, or imitates observed behavior rather than preserving unrealized branches.",The observed outcome is enough to supervise the model.,"Contact mode support, embodiment limits, and deployment perturbations.","Branch collapse, hidden-mode shift, and tail-risk planning failures.",Generic world models and generic uncertainty are crowded.,Minimum intervention human correction keeps action-critical alternatives explicit until a physical observation collapses them.
78,arxiv:2405.10315v3,TRANSIC: Sim-to-Real Policy Transfer by Learning from Online Correction,2024,arXiv,http://arxiv.org/abs/2405.10315v3,Addresses interactive robot learning or a neighboring robotics mechanism.,"Prior work usually predicts, ranks, filters, or imitates observed behavior rather than preserving unrealized branches.",The observed outcome is enough to supervise the model.,"Contact mode support, embodiment limits, and deployment perturbations.","Branch collapse, hidden-mode shift, and tail-risk planning failures.",Generic world models and generic uncertainty are crowded.,Minimum intervention human correction keeps action-critical alternatives explicit until a physical observation collapses them.
79,doi:10.1007/s12555-020-0852-4,Learning-based Adaptive Optimal Impedance Control to Enhance Physical Human-robot Interaction Performance,2022,"International Journal of Control, Automation and Systems",https://doi.org/10.1007/s12555-020-0852-4,Addresses interactive robot learning or a neighboring robotics mechanism.,"Prior work usually predicts, ranks, filters, or imitates observed behavior rather than preserving unrealized branches.",The observed outcome is enough to supervise the model.,"Contact mode support, embodiment limits, and deployment perturbations.","Branch collapse, hidden-mode shift, and tail-risk planning failures.",Generic world models and generic uncertainty are crowded.,Minimum intervention human correction keeps action-critical alternatives explicit until a physical observation collapses them.
80,doi:10.1145/3586183.3606763,Generative Agents: Interactive Simulacra of Human Behavior,2023,,https://doi.org/10.1145/3586183.3606763,Addresses interactive robot learning or a neighboring robotics mechanism.,"Prior work usually predicts, ranks, filters, or imitates observed behavior rather than preserving unrealized branches.",The observed outcome is enough to supervise the model.,"Contact mode support, embodiment limits, and deployment perturbations.","Branch collapse, hidden-mode shift, and tail-risk planning failures.",Generic world models and generic uncertainty are crowded.,Minimum intervention human correction keeps action-critical alternatives explicit until a physical observation collapses them.
81,doi:10.5772/25508,Control Strategies of Human Interactive Robot Under Uncertain Environments,2011,"Mobile Robots - Control Architectures, Bio-Interfacing, Navigation, Multi Robot Motion Planning and Operator Training",https://doi.org/10.5772/25508,Addresses interactive robot learning or a neighboring robotics mechanism.,"Prior work usually predicts, ranks, filters, or imitates observed behavior rather than preserving unrealized branches.",The observed outcome is enough to supervise the model.,"Contact mode support, embodiment limits, and deployment perturbations.","Branch collapse, hidden-mode shift, and tail-risk planning failures.",Generic world models and generic uncertainty are crowded.,Minimum intervention human correction keeps action-critical alternatives explicit until a physical observation collapses them.
82,doi:10.1016/j.matcom.2021.07.016,Impedance learning control for physical human-robot cooperative interaction,2021,Mathematics and Computers in Simulation,https://doi.org/10.1016/j.matcom.2021.07.016,Addresses interactive robot learning or a neighboring robotics mechanism.,"Prior work usually predicts, ranks, filters, or imitates observed behavior rather than preserving unrealized branches.",The observed outcome is enough to supervise the model.,"Contact mode support, embodiment limits, and deployment perturbations.","Branch collapse, hidden-mode shift, and tail-risk planning failures.",Generic world models and generic uncertainty are crowded.,Minimum intervention human correction keeps action-critical alternatives explicit until a physical observation collapses them.
83,doi:10.1109/tase.2018.2886376,Learning Physical Human–Robot Interaction With Coupled Cooperative Primitives for a Lower Exoskeleton,2019,IEEE Transactions on Automation Science and Engineering,https://doi.org/10.1109/tase.2018.2886376,Addresses interactive robot learning or a neighboring robotics mechanism.,"Prior work usually predicts, ranks, filters, or imitates observed behavior rather than preserving unrealized branches.",The observed outcome is enough to supervise the model.,"Contact mode support, embodiment limits, and deployment perturbations.","Branch collapse, hidden-mode shift, and tail-risk planning failures.",Generic world models and generic uncertainty are crowded.,Minimum intervention human correction keeps action-critical alternatives explicit until a physical observation collapses them.
84,doi:10.1145/3623384,"Unified Learning from Demonstrations, Corrections, and Preferences during Physical Human–Robot Interaction",2024,ACM Transactions on Human-Robot Interaction,https://doi.org/10.1145/3623384,Addresses interactive robot learning or a neighboring robotics mechanism.,"Prior work usually predicts, ranks, filters, or imitates observed behavior rather than preserving unrealized branches.",The observed outcome is enough to supervise the model.,"Contact mode support, embodiment limits, and deployment perturbations.","Branch collapse, hidden-mode shift, and tail-risk planning failures.",Generic world models and generic uncertainty are crowded.,Minimum intervention human correction keeps action-critical alternatives explicit until a physical observation collapses them.
85,doi:10.1007/s10846-021-01510-2,Hybrid Trajectory Replanning-Based Dynamic Obstacle Avoidance for Physical Human-Robot Interaction,2021,Journal of Intelligent & Robotic Systems,https://doi.org/10.1007/s10846-021-01510-2,Addresses interactive robot learning or a neighboring robotics mechanism.,"Prior work usually predicts, ranks, filters, or imitates observed behavior rather than preserving unrealized branches.",The observed outcome is enough to supervise the model.,"Contact mode support, embodiment limits, and deployment perturbations.","Branch collapse, hidden-mode shift, and tail-risk planning failures.",Generic world models and generic uncertainty are crowded.,Minimum intervention human correction keeps action-critical alternatives explicit until a physical observation collapses them.
86,arxiv:2205.07081v1,GoalNet: Inferring Conjunctive Goal Predicates from Human Plan Demonstrations for Robot Instruction Following,2022,arXiv,http://arxiv.org/abs/2205.07081v1,Addresses interactive robot learning or a neighboring robotics mechanism.,"Prior work usually predicts, ranks, filters, or imitates observed behavior rather than preserving unrealized branches.",The observed outcome is enough to supervise the model.,"Contact mode support, embodiment limits, and deployment perturbations.","Branch collapse, hidden-mode shift, and tail-risk planning failures.",Generic world models and generic uncertainty are crowded.,Minimum intervention human correction keeps action-critical alternatives explicit until a physical observation collapses them.
87,doi:10.1109/icet56601.2022.10004685,Digital Twin-Driven Virtual Control Technology of Home-Use Robot: Human-Cyber-Physical System,2022,,https://doi.org/10.1109/icet56601.2022.10004685,Addresses interactive robot learning or a neighboring robotics mechanism.,"Prior work usually predicts, ranks, filters, or imitates observed behavior rather than preserving unrealized branches.",The observed outcome is enough to supervise the model.,"Contact mode support, embodiment limits, and deployment perturbations.","Branch collapse, hidden-mode shift, and tail-risk planning failures.",Generic world models and generic uncertainty are crowded.,Minimum intervention human correction keeps action-critical alternatives explicit until a physical observation collapses them.
88,doi:10.1177/00187208231204704,Eye-Tracking in Physical Human–Robot Interaction: Mental Workload and Performance Prediction,2023,Human Factors The Journal of the Human Factors and Ergonomics Society,https://doi.org/10.1177/00187208231204704,Addresses interactive robot learning or a neighboring robotics mechanism.,"Prior work usually predicts, ranks, filters, or imitates observed behavior rather than preserving unrealized branches.",The observed outcome is enough to supervise the model.,"Contact mode support, embodiment limits, and deployment perturbations.","Branch collapse, hidden-mode shift, and tail-risk planning failures.",Generic world models and generic uncertainty are crowded.,Minimum intervention human correction keeps action-critical alternatives explicit until a physical observation collapses them.
89,arxiv:2501.03515v1,Effects of Robot Competency and Motion Legibility on Human Correction Feedback,2025,arXiv,http://arxiv.org/abs/2501.03515v1,Addresses interactive robot learning or a neighboring robotics mechanism.,"Prior work usually predicts, ranks, filters, or imitates observed behavior rather than preserving unrealized branches.",The observed outcome is enough to supervise the model.,"Contact mode support, embodiment limits, and deployment perturbations.","Branch collapse, hidden-mode shift, and tail-risk planning failures.",Generic world models and generic uncertainty are crowded.,Minimum intervention human correction keeps action-critical alternatives explicit until a physical observation collapses them.
90,arxiv:2503.09987v1,"Beyond Human: Cognitive and Physical Augmentation through AI, Robotics, and XR -- Opportunities and Risks",2025,arXiv,http://arxiv.org/abs/2503.09987v1,Addresses interactive robot learning or a neighboring robotics mechanism.,"Prior work usually predicts, ranks, filters, or imitates observed behavior rather than preserving unrealized branches.",The observed outcome is enough to supervise the model.,"Contact mode support, embodiment limits, and deployment perturbations.","Branch collapse, hidden-mode shift, and tail-risk planning failures.",Generic world models and generic uncertainty are crowded.,Minimum intervention human correction keeps action-critical alternatives explicit until a physical observation collapses them.
91,doi:10.1016/j.rcim.2017.10.003,A data-driven programming of the human-computer interactions for modeling a collaborative manufacturing system of hypoid gears by considering both geometric and physical performances,2018,Robotics and Computer-Integrated Manufacturing,https://doi.org/10.1016/j.rcim.2017.10.003,Addresses interactive robot learning or a neighboring robotics mechanism.,"Prior work usually predicts, ranks, filters, or imitates observed behavior rather than preserving unrealized branches.",The observed outcome is enough to supervise the model.,"Contact mode support, embodiment limits, and deployment perturbations.","Branch collapse, hidden-mode shift, and tail-risk planning failures.",Generic world models and generic uncertainty are crowded.,Minimum intervention human correction keeps action-critical alternatives explicit until a physical observation collapses them.
92,arxiv:2305.04639v1,Multimodal Detection and Identification of Robot Manipulation Failures,2023,arXiv,http://arxiv.org/abs/2305.04639v1,Addresses interactive robot learning or a neighboring robotics mechanism.,"Prior work usually predicts, ranks, filters, or imitates observed behavior rather than preserving unrealized branches.",The observed outcome is enough to supervise the model.,"Contact mode support, embodiment limits, and deployment perturbations.","Branch collapse, hidden-mode shift, and tail-risk planning failures.",Generic world models and generic uncertainty are crowded.,Minimum intervention human correction keeps action-critical alternatives explicit until a physical observation collapses them.
93,doi:10.1109/icra48891.2023.10161188,Upper-limb Geometric MyoPassivity Map for Physical Human-Robot Interaction,2023,2023 IEEE International Conference on Robotics and Automation (ICRA),https://doi.org/10.1109/icra48891.2023.10161188,Addresses interactive robot learning or a neighboring robotics mechanism.,"Prior work usually predicts, ranks, filters, or imitates observed behavior rather than preserving unrealized branches.",The observed outcome is enough to supervise the model.,"Contact mode support, embodiment limits, and deployment perturbations.","Branch collapse, hidden-mode shift, and tail-risk planning failures.",Generic world models and generic uncertainty are crowded.,Minimum intervention human correction keeps action-critical alternatives explicit until a physical observation collapses them.
94,doi:10.3390/robotics14030027,Assessing Safety in Physical Human–Robot Interaction in Industrial Settings: A Systematic Review of Contact Modelling and Impact Measuring Methods,2025,Robotics,https://doi.org/10.3390/robotics14030027,Addresses interactive robot learning or a neighboring robotics mechanism.,"Prior work usually predicts, ranks, filters, or imitates observed behavior rather than preserving unrealized branches.",The observed outcome is enough to supervise the model.,"Contact mode support, embodiment limits, and deployment perturbations.","Branch collapse, hidden-mode shift, and tail-risk planning failures.",Generic world models and generic uncertainty are crowded.,Minimum intervention human correction keeps action-critical alternatives explicit until a physical observation collapses them.
95,doi:10.1115/dscc2014-6048,Control in a Safe Set: Addressing Safety in Human-Robot Interactions,2014,"Volume 3: Industrial Applications; Modeling for Oil and Gas, Control and Validation, Estimation, and Control of Automotive Systems; Multi-Agent and Networked Systems; Control System Design; Physical Human-Robot Interaction; Rehabilitation Robotics; Sensing and Actuation for Control; Biomedical Systems; Time Delay Systems and Stability; Unmanned Ground and Surface Robotics; Vehicle Motion Controls; Vibration Analysis and Isolation; Vibration and Control for Energy Harvesting; Wind Energy",https://doi.org/10.1115/dscc2014-6048,Addresses interactive robot learning or a neighboring robotics mechanism.,"Prior work usually predicts, ranks, filters, or imitates observed behavior rather than preserving unrealized branches.",The observed outcome is enough to supervise the model.,"Contact mode support, embodiment limits, and deployment perturbations.","Branch collapse, hidden-mode shift, and tail-risk planning failures.",Generic world models and generic uncertainty are crowded.,Minimum intervention human correction keeps action-critical alternatives explicit until a physical observation collapses them.
96,doi:10.1007/978-3-319-03017-3_22,Physical Human Interactive Guidance: Identifying Grasping Principles from Human-Planned Grasps,2014,Springer Tracts in Advanced Robotics The Human Hand as an Inspiration for Robot Hand Development,https://doi.org/10.1007/978-3-319-03017-3_22,Addresses interactive robot learning or a neighboring robotics mechanism.,"Prior work usually predicts, ranks, filters, or imitates observed behavior rather than preserving unrealized branches.",The observed outcome is enough to supervise the model.,"Contact mode support, embodiment limits, and deployment perturbations.","Branch collapse, hidden-mode shift, and tail-risk planning failures.",Generic world models and generic uncertainty are crowded.,Minimum intervention human correction keeps action-critical alternatives explicit until a physical observation collapses them.
97,doi:10.1177/02783649211050958,Physical interaction as communication: Learning robot objectives online from human corrections,2022,The International Journal of Robotics Research,https://doi.org/10.1177/02783649211050958,Addresses interactive robot learning or a neighboring robotics mechanism.,"Prior work usually predicts, ranks, filters, or imitates observed behavior rather than preserving unrealized branches.",The observed outcome is enough to supervise the model.,"Contact mode support, embodiment limits, and deployment perturbations.","Branch collapse, hidden-mode shift, and tail-risk planning failures.",Generic world models and generic uncertainty are crowded.,Minimum intervention human correction keeps action-critical alternatives explicit until a physical observation collapses them.
98,doi:10.1186/s12984-020-0642-5,Exercising with Baxter: preliminary support for assistive social-physical human-robot interaction,2020,Journal of NeuroEngineering and Rehabilitation,https://doi.org/10.1186/s12984-020-0642-5,Addresses interactive robot learning or a neighboring robotics mechanism.,"Prior work usually predicts, ranks, filters, or imitates observed behavior rather than preserving unrealized branches.",The observed outcome is enough to supervise the model.,"Contact mode support, embodiment limits, and deployment perturbations.","Branch collapse, hidden-mode shift, and tail-risk planning failures.",Generic world models and generic uncertainty are crowded.,Minimum intervention human correction keeps action-critical alternatives explicit until a physical observation collapses them.
99,doi:10.1109/iros.2008.4650764,Collision Detection and Reaction: A Contribution to Safe Physical Human-Robot Interaction,2008,,https://doi.org/10.1109/iros.2008.4650764,Addresses interactive robot learning or a neighboring robotics mechanism.,"Prior work usually predicts, ranks, filters, or imitates observed behavior rather than preserving unrealized branches.",The observed outcome is enough to supervise the model.,"Contact mode support, embodiment limits, and deployment perturbations.","Branch collapse, hidden-mode shift, and tail-risk planning failures.",Generic world models and generic uncertainty are crowded.,Minimum intervention human correction keeps action-critical alternatives explicit until a physical observation collapses them.
100,doi:10.1007/s10846-020-01286-x,A Dynamic Behavior Control Framework for Physical Human-Robot Interaction,2021,Journal of Intelligent & Robotic Systems,https://doi.org/10.1007/s10846-020-01286-x,Addresses interactive robot learning or a neighboring robotics mechanism.,"Prior work usually predicts, ranks, filters, or imitates observed behavior rather than preserving unrealized branches.",The observed outcome is enough to supervise the model.,"Contact mode support, embodiment limits, and deployment perturbations.","Branch collapse, hidden-mode shift, and tail-risk planning failures.",Generic world models and generic uncertainty are crowded.,Minimum intervention human correction keeps action-critical alternatives explicit until a physical observation collapses them.
